	BernouliNB	K-nearest neighbors	MultinomialNB	My Method	Random Forests	SVC(SVM)
Accuracy K = 10	0.7488264796201954	0.88179155984863	0.8595311140776231	0.8880678377661987	0.8835037208153338	0.8702137621361687
Accuracy K = 100	0.8746980903440142	0.9357644848658971	0.9268695923601549	0.9384553673085968	0.9435851346068642	0.9090988724573531
Accuracy K = 1000	0.9202690476964216	0.9148283506669397	0.9211679360311902	0.9225654430875581	0.9342113425269591	0.25444332803662517
